num_points,VTR_reached_count,mean_evaluations,std_evaluations,mean_avg_obj_vals,std_avg_obj_vals,mean_best_obj_vals,std_best_obj_vals
2,10,544.0,122.89833196589773,1.1259159229897553,0.06429501189785661,1.4142135623730954,2.220446049250313e-16
4,10,8152.0,927.7585892892612,0.7190681769167844,0.024359538486313757,1.0,0.0
5,10,41070.0,6696.723079238083,0.59680496683986,0.008485955336605755,0.7071067811865477,1.1102230246251565e-16
6,0,5000040.0,0.0,0.5859709589601467,0.0011869827857922414,0.6007477024769875,8.682613120640272e-05
7,0,5000100.0,0.0,0.5138159427870368,0.0011016300778267487,0.5330335601654292,0.001352400939362394
9,9,2228832.0,985132.860489386,0.41803047255156933,0.0032559626905737903,0.4991196008808398,0.00264119735748054
