num_points,VTR_reached_count,mean_evaluations,std_evaluations,mean_avg_obj_vals,std_avg_obj_vals,mean_best_obj_vals,std_best_obj_vals
2,10,544.0,122.89833196589773,1.1259159229897553,0.06429501189785661,1.4142135623730954,2.220446049250313e-16
4,10,7632.0,1059.6301241471008,0.7037861391620059,0.031578151444234266,0.9999028315651625,0.00029150530451227397
5,10,42470.0,10499.338074374022,0.5946754347365344,0.011058952771063816,0.7067731059915635,0.00036628824233931353
6,10,1236960.0,510721.8439816335,0.5767326506828881,0.004184602203879676,0.6001032491396205,0.00010465948058634676
7,0,5000100.0,0.0,0.5132951467824222,0.0005201648297268316,0.5323379610237983,0.0014795487330602592
9,10,1984662.0,386798.7197962268,0.41803119758762464,0.002867621349247451,0.499621609792939,0.00039807005789918874
