num_points,VTR_reached_count,mean_evaluations,std_evaluations,mean_avg_obj_vals,std_avg_obj_vals,mean_best_obj_vals,std_best_obj_vals
2,10,144.0,50.438080851673966,1.0719764339547582,0.10732451829939346,1.4142135623730954,2.220446049250313e-16
4,10,2000.0,880.9086218218097,0.7026810058381944,0.08144140360588717,1.0,0.0
5,10,18770.0,6782.963953906876,0.6439080043412798,0.03251705847008867,0.7069495216118755,0.0002844477492104104
6,10,370704.0,192674.62330052705,0.596036473554148,0.002120509133380779,0.6000623249395342,0.00012656775632315738
7,7,3759721.0,1486374.9202771822,0.5262289007312673,0.01198987917328177,0.5316900964711171,0.006182869076215462
9,10,2749779.0,800789.4364868958,0.4301252145329545,0.014792355949069608,0.4996726173362093,0.0003647232966042545
