num_points,VTR_reached_count,mean_evaluations,std_evaluations,mean_avg_obj_vals,std_avg_obj_vals,mean_best_obj_vals,std_best_obj_vals
2,10,1080.0,229.78250586152114,1.1994861503862748,0.06557773930925702,1.4142135623730954,2.220446049250313e-16
4,10,10320.0,1864.8753309537879,0.8497178096883374,0.05925298591727972,1.0,0.0
5,10,59540.0,8366.624169878793,0.7068780496767252,0.0002765513859240054,0.7071059389570783,1.527359923884497e-07
6,10,1130712.0,812166.929403063,0.6009208950150976,2.6641753266629277e-06,0.6009243028815691,7.911941901917491e-08
7,7,2828028.0,1737729.1254093659,0.5312325517418289,0.009721003786280076,0.5323999650249666,0.006480208336179091
9,10,917712.0,210966.56099012468,0.499892441565304,0.00013980089838107804,0.4999990593473177,5.804766163395163e-08
