num_points,VTR_reached_count,mean_evaluations,std_evaluations,mean_avg_obj_vals,std_avg_obj_vals,mean_best_obj_vals,std_best_obj_vals
2,10,252.0,88.63407922464135,1.149117245012677,0.09162418775692706,1.4142135623730954,2.220446049250313e-16
4,10,4576.0,585.4775828330236,0.7590340012220972,0.020985402087906273,1.0,0.0
5,10,33260.0,10891.299279700288,0.6117509836303545,0.014102947338970754,0.7069689177559781,0.0002976423188970953
6,10,851160.0,284086.33082216396,0.5796354407909047,0.004017606196117966,0.600168778044842,0.00014269362536790302
7,0,5000030.0,0.0,0.5153918847160451,0.0009162289365644705,0.5320288657376187,0.0012777610990587465
9,10,1147761.0,272352.7872245849,0.4216856235398784,0.0036889446381969926,0.49947011514021356,0.00036242634199022607
