num_points,VTR_reached_count,mean_evaluations,std_evaluations,mean_avg_obj_vals,std_avg_obj_vals,mean_best_obj_vals,std_best_obj_vals
2,10,528.0,79.5989949685296,1.1361639654205724,0.04259618958563981,1.4142135623730954,2.220446049250313e-16
4,10,4332.0,776.6698140136515,0.7035522807506112,0.03908231094451591,1.0,0.0
5,10,29355.0,8960.676592757938,0.6746532688871533,0.03567492908898204,0.7064104650031086,0.00018939016023975484
6,10,211338.0,191897.56776989123,0.5978295981025135,0.0008556560475972621,0.6000509193509111,9.848933040160954e-05
7,7,1998108.0,2042537.4990232126,0.5326299840247637,0.001114666935808383,0.5338230484307058,0.0017292623374170137
9,10,791424.0,266144.13178576756,0.497555146595354,0.00022829177995164693,0.49916909616718563,0.00015129715087170868
