num_points,VTR_reached_count,mean_evaluations,std_evaluations,mean_avg_obj_vals,std_avg_obj_vals,mean_best_obj_vals,std_best_obj_vals
2,10,1080.0,229.78250586152114,1.1994861503862748,0.06557773930925702,1.4142135623730954,2.220446049250313e-16
4,10,17120.0,3084.3086745655014,0.9988084611888963,0.001959092025280821,0.9999996107625739,4.0606569235974694e-07
5,10,55100.0,5876.903946807366,0.7070749503350973,4.63718118105635e-05,0.7071059339019037,1.507329583263554e-07
6,10,2194008.0,1325914.0448520787,0.6009227673989307,9.643497204775133e-07,0.6009242813531396,8.775923552852054e-08
7,8,3592148.0,1556760.1521159257,0.5331297874504833,0.008284960378944056,0.5341423125764285,0.0052644126911438344
9,4,3837060.0,1681469.7721457856,0.48009220034430394,0.041222408171715644,0.4880174312888549,0.02475684221053972
