num_points,VTR_reached_count,mean_evaluations,std_evaluations,mean_avg_obj_vals,std_avg_obj_vals,mean_best_obj_vals,std_best_obj_vals
2,10,1680.0,245.92681838303037,1.202511071659927,0.04843158549223131,1.4142135623730954,2.220446049250313e-16
4,10,16392.0,1120.8282651682193,0.999879558304017,0.00022050913183523725,0.9999995748807085,2.874294747154859e-07
5,10,55320.0,4938.9877505416025,0.7070008940674879,0.00013615947589121625,0.7071059835638976,1.8694270151338943e-07
6,9,908496.0,1385567.2517146182,0.6005480105790711,0.0009969778323998357,0.6005883470012836,0.0010079610277318092
7,9,1852410.0,1229408.0454348752,0.5357160812026082,0.00012320554455603154,0.5358960638213356,4.315717681006722e-06
9,10,168264.0,11239.785763082853,0.49995467412309946,8.659986937226251e-05,0.4999990877244539,9.182557245117422e-08
