num_points,VTR_reached_count,mean_evaluations,std_evaluations,mean_avg_obj_vals,std_avg_obj_vals,mean_best_obj_vals,std_best_obj_vals
2,10,1056.0,283.5207223467096,1.2078822203652235,0.07718669688800908,1.4142135623730954,2.220446049250313e-16
4,10,21184.0,21814.778110262778,0.99989807260183,0.00017712751289446332,0.9999994478337693,3.248339089121804e-07
5,10,40720.0,6311.386535461126,0.707097658347371,7.380629496179493e-06,0.7071059652758972,1.2877208957740522e-07
6,9,1762512.0,1606452.4438451328,0.6008825622961798,0.00012024262893271687,0.600884105042935,0.00012068222215489933
7,5,3290028.0,2105923.2502672076,0.5273667571701337,0.019163676160776324,0.5309961668914662,0.008486166757928315
9,10,175428.0,112866.52229957296,0.4999979064146899,5.808331083316075e-07,0.49999908460345555,6.386536042616601e-08
