num_points,VTR_reached_count,mean_evaluations,std_evaluations,mean_avg_obj_vals,std_avg_obj_vals,mean_best_obj_vals,std_best_obj_vals
2,10,528.0,79.5989949685296,1.1361639654205724,0.04259618958563981,1.4142135623730954,2.220446049250313e-16
4,10,4332.0,776.6698140136515,0.7035522807506112,0.03908231094451591,1.0,0.0
5,10,29355.0,8960.676592757938,0.6746532688871533,0.03567492908898204,0.7064104650031086,0.00018939016023975484
6,10,212526.0,149900.60334768504,0.5981008141255385,0.0005943671305451487,0.6000544187967811,0.00010007403684390108
7,10,555282.0,397971.7839947953,0.5333676859087213,0.0007451345458277376,0.5350067611761837,9.683518843840501e-05
9,10,664443.0,198577.70197330817,0.49730144731950043,0.0006009433954243434,0.4990964267717321,7.610297915626739e-05
