num_points,VTR_reached_count,mean_evaluations,std_evaluations,mean_avg_obj_vals,std_avg_obj_vals,mean_best_obj_vals,std_best_obj_vals
2,10,1208.0,273.52513595646013,1.2137073230475361,0.07058509929478085,1.4142135601539163,6.657536522070018e-09
4,10,14048.0,1856.0,0.8442385251532137,0.03610849828240767,1.0,0.0
5,10,136820.0,27905.332823673685,0.704544436626558,0.0018017068684969843,0.7071060501074348,1.8883268969080393e-07
6,9,1705176.0,1321166.6195238207,0.6007347595559589,0.00031192528998254704,0.6009204768202483,1.1841038403629747e-05
7,1,4942084.0,174468.0,0.5159759744787037,0.018021204424213805,0.5301115072156122,0.008859419955974274
9,0,5000040.0,0.0,0.45762993238506355,0.003071777615350491,0.4960671121332149,0.001088270730341394
