num_points,VTR_reached_count,mean_evaluations,std_evaluations,mean_avg_obj_vals,std_avg_obj_vals,mean_best_obj_vals,std_best_obj_vals
2,10,1488.0,368.6949958976932,1.1970448778924963,0.06842454528327713,1.4142135623730954,2.220446049250313e-16
4,10,11112.0,1914.1410606326797,0.8336162891120031,0.05454665765654728,1.0,0.0
5,10,66060.0,5946.965612814656,0.7070901455462473,8.105067326036101e-06,0.7071060859003151,2.073449474614826e-07
6,8,2375064.0,1623740.5232314675,0.6009228394978386,7.598803780340473e-07,0.6009240164927904,4.938349500779073e-07
7,5,3935106.0,1364594.853751105,0.5142606677450346,0.03434716818418369,0.5267165877607043,0.014294824538556952
9,10,877230.0,562004.1925288459,0.4999977406782974,5.988721049586625e-07,0.49999902917225675,2.7347160539125626e-08
