num_points,VTR_reached_count,mean_evaluations,std_evaluations,mean_avg_obj_vals,std_avg_obj_vals,mean_best_obj_vals,std_best_obj_vals
2,10,1752.0,279.8856909525744,1.2229881909880966,0.03445525530969132,1.4142135623730954,2.220446049250313e-16
4,10,19824.0,3547.131799073725,0.8534765755655537,0.042165701627234736,1.0,0.0
5,10,137520.0,21640.46210227499,0.7058063229315139,0.0006351838840477176,0.7071061565693171,2.4433373649526595e-07
6,10,1280196.0,707082.3124813688,0.6009055117144435,2.18134359637436e-05,0.6009243401267061,8.719308558014078e-08
7,4,4292190.0,1058265.4789512884,0.5235797867621818,0.0130783692710394,0.5327925256270093,0.003700738133031176
9,6,4266702.0,921901.7228945828,0.4871140852055517,0.013987401866244408,0.4985181668721494,0.0018647167495326228
