num_points,VTR_reached_count,mean_evaluations,std_evaluations,mean_avg_obj_vals,std_avg_obj_vals,mean_best_obj_vals,std_best_obj_vals
2,10,1572.0,377.3804446443933,1.1999148116717684,0.060499432896895515,1.4142135623730954,2.220446049250313e-16
4,10,14976.0,2084.5488720584126,0.8253769151759659,0.04534942152342532,1.0,0.0
5,10,100440.0,20064.05741618579,0.7065159309130171,0.0007817876434739999,0.7071060360470302,1.9118927137830178e-07
6,10,950688.0,892520.5033476822,0.6009108228905972,3.1519302923044614e-05,0.6009243350329816,9.287758687076336e-08
7,7,3182466.0,1468435.7002756367,0.5115847480459204,0.061503368159597414,0.5257271542608551,0.024377464652271717
9,10,1431594.0,432778.14455445873,0.499885784707248,0.00016837345471409744,0.49999904499678127,3.960615348270954e-08
