num_points,VTR_reached_count,mean_evaluations,std_evaluations,mean_avg_obj_vals,std_avg_obj_vals,mean_best_obj_vals,std_best_obj_vals
2,10,920.0,203.1748015872047,1.1881440174975402,0.061552307174706056,1.4142135623730954,2.220446049250313e-16
4,10,9648.0,1941.2820506047028,0.9175244264480125,0.052932624568847016,1.0,0.0
5,10,48180.0,8888.846944345481,0.7070990350393086,3.514033066459375e-06,0.7071059428111619,1.1427514598497325e-07
6,4,3490824.0,1869420.544250009,0.5985042782874352,0.004742530005676379,0.5988164442004513,0.0038836088900640253
7,0,5000240.0,0.0,0.4718067315311198,0.096524930169996,0.4979311684755265,0.05113674017311338
9,10,1438092.0,1045373.911754067,0.49999781158878864,6.673560874391305e-07,0.4999990424792844,3.5349280837543026e-08
