num_points,VTR_reached_count,mean_evaluations,std_evaluations,mean_avg_obj_vals,std_avg_obj_vals,mean_best_obj_vals,std_best_obj_vals
2,10,1080.0,229.78250586152114,1.1994861503862748,0.06557773930925702,1.4142135623730954,2.220446049250313e-16
4,10,10320.0,1864.8753309537879,0.8497178096883374,0.05925298591727972,1.0,0.0
5,10,59540.0,8366.624169878793,0.7068780496767252,0.0002765513859240054,0.7071059389570783,1.527359923884497e-07
6,10,918576.0,719838.0313820603,0.6009217420660388,1.9712429775386314e-06,0.6009243801439937,1.289076332336475e-07
7,8,2474640.0,1607850.404981757,0.5294163604604132,0.019426025499508507,0.5328277645947945,0.009202559803069749
9,10,943848.0,571359.7596751105,0.4998960728490271,0.00018598145022629154,0.49999907398424914,4.061215538622912e-08
