num_points,VTR_reached_count,mean_evaluations,std_evaluations,mean_avg_obj_vals,std_avg_obj_vals,mean_best_obj_vals,std_best_obj_vals
2,10,1524.0,426.1267417095529,1.1668141372935135,0.08107358753440812,1.4142135623730954,2.220446049250313e-16
4,10,25176.0,2733.1564170387323,0.8772793753271136,0.025530649018142195,1.0,0.0
5,10,192510.0,36915.61864577106,0.7036519225772858,0.001795255105531655,0.7071060574851338,1.7845789255706567e-07
6,9,3468708.0,1083022.9858391741,0.6000990186426909,0.002167948560524822,0.6008772182400814,0.00014160750952895107
7,0,5000100.0,0.0,0.5117582157538032,0.0012984958432177764,0.5309905560672532,0.001788508040090631
9,0,5000400.0,0.0,0.4393096583326728,0.003195586828407526,0.49117979856761884,0.0024310614391292403
