num_points,VTR_reached_count,mean_evaluations,std_evaluations,mean_avg_obj_vals,std_avg_obj_vals,mean_best_obj_vals,std_best_obj_vals
2,10,528.0,146.47866738880444,1.1280069625556923,0.08352567168820604,1.4142135623730954,2.220446049250313e-16
4,10,4548.0,837.3386411721365,0.9892234308106709,0.006494793207351302,0.9993580992813513,0.0002702913428002272
5,10,15735.0,2346.385518196019,0.6998037836476811,0.002950097574112434,0.7063898777121391,0.00020849556664203196
6,10,92862.0,53025.41236048994,0.598341735448278,0.0006295537831941052,0.6000521250927834,8.907787661004765e-05
7,10,253911.0,244914.39314380853,0.533133484067972,0.0011734115646918019,0.5349857991357106,4.395419361518018e-05
9,10,41661.0,2578.606018762851,0.49784524054802937,0.00023564356355157244,0.49906193660332965,5.3465947613017864e-05
