num_points,VTR_reached_count,mean_evaluations,std_evaluations,mean_avg_obj_vals,std_avg_obj_vals,mean_best_obj_vals,std_best_obj_vals
2,10,1572.0,377.3804446443933,1.1999148116717684,0.060499432896895515,1.4142135623730954,2.220446049250313e-16
4,10,25080.0,3534.1986361833146,0.9992800146032665,0.0006397293853678799,0.9999996745590709,3.399341282030373e-07
5,10,83820.0,15944.2027081946,0.7070502520739563,8.350751537270676e-05,0.7071058724114094,8.559286570095669e-08
6,9,1362312.0,1307891.2547822928,0.6006012182881231,0.0009617320339746444,0.6006035041034743,0.0009624909566872553
7,9,1802598.0,1686062.4761484966,0.5192760372250114,0.049854722318469824,0.5284509997245501,0.022339434003468172
9,9,1390716.0,1281450.3834577443,0.49997837814593177,5.814345294837805e-05,0.4999795426002224,5.8523678291292526e-05
