num_points,VTR_reached_count,mean_evaluations,std_evaluations,mean_avg_obj_vals,std_avg_obj_vals,mean_best_obj_vals,std_best_obj_vals
2,10,528.0,79.5989949685296,1.1361639654205724,0.04259618958563981,1.4142135623730954,2.220446049250313e-16
4,10,6588.0,1218.3989494414382,0.9734868211718611,0.020116960664940762,0.9996397212676035,0.0002917573475419861
5,10,22485.0,4987.787585693681,0.7016562573523965,0.002145709945429815,0.7062959778939706,0.00023204637333190727
6,10,86868.0,21774.078533889788,0.5982502756312811,0.0006299958950700402,0.600053939135471,0.00010999570339048116
7,10,299481.0,182714.13100524,0.533858457559355,0.00041951316990685935,0.5350046971285582,9.944645071529489e-05
9,10,83376.0,5061.041789987512,0.49792032101545763,0.00019706680490048418,0.4991139689700246,8.95989170026913e-05
