num_points,VTR_reached_count,mean_evaluations,std_evaluations,mean_avg_obj_vals,std_avg_obj_vals,mean_best_obj_vals,std_best_obj_vals
2,10,528.0,146.47866738880444,1.1280069625556923,0.08352567168820604,1.4142135623730954,2.220446049250313e-16
4,10,3444.0,817.4986238520528,0.7077190128083435,0.0571474902873935,1.0,0.0
5,10,27120.0,8825.253537434492,0.6796303060428966,0.013111839681441551,0.7065014578379706,0.00021940017610573657
6,10,238428.0,189215.4178073235,0.5979678413735193,0.0006715551982714093,0.6000663242412113,0.0001161130825050107
7,10,1105629.0,589682.3965229079,0.5328883892623868,0.0008785086883301061,0.5349916988729821,6.929047550545888e-05
9,10,2154492.0,492839.767932743,0.49654036480286645,0.001016555456272109,0.4990704774839056,5.486186967570154e-05
