num_points,VTR_reached_count,mean_evaluations,std_evaluations,mean_avg_obj_vals,std_avg_obj_vals,mean_best_obj_vals,std_best_obj_vals
2,10,1488.0,144.0,1.1983760108514254,0.04043139534967503,1.4142135623730954,2.220446049250313e-16
4,10,17712.0,2219.9675673306583,0.9999756869798613,2.57056108671126e-05,0.9999992863946204,9.705312050334948e-08
5,10,57510.0,5941.287739202672,0.7070657399581625,8.86834628539907e-05,0.7071059973419833,1.3896395147034345e-07
6,10,1428840.0,1240473.590722511,0.600922008182537,1.1899604070582018e-06,0.6009242655264966,4.430338173284753e-08
7,9,1357398.0,1465001.9566526182,0.5358824510750061,2.353579166303141e-05,0.5358970249615124,1.369738148274665e-06
9,10,169290.0,11182.69466631366,0.49999767257707894,4.196481718252266e-07,0.4999991144293725,5.264827217725194e-08
