num_points,VTR_reached_count,mean_evaluations,std_evaluations,mean_avg_obj_vals,std_avg_obj_vals,mean_best_obj_vals,std_best_obj_vals
2,10,1488.0,144.0,1.1983760108514254,0.04043139534967503,1.4142135623730954,2.220446049250313e-16
4,10,11304.0,2026.4017370699228,0.837843113146335,0.0384301435717693,1.0,0.0
5,10,75570.0,18328.723359797867,0.7060242771890741,0.0006500388613534745,0.7071060142400901,1.8263809100367627e-07
6,10,1072512.0,773872.4959164785,0.6009103430656395,2.0603568571477144e-05,0.6009243743059937,1.2982732763318395e-07
7,8,2100798.0,1627500.6551998681,0.5296995085277836,0.014226401437247954,0.5332232520742592,0.00631557329874277
9,10,1878822.0,950410.6173838758,0.49741854234145516,0.0014672098570361256,0.49999907449158465,6.018976291564985e-08
